Subject,Platform Name,Platform Type,Contractors Found,Top Contractors/Services,Fiverr/Upwork Gigs,Coaching/Consulting Services,Key Findings,Research Sources,Error
Wyzant - tutoring platform with self-service registration,Wyzant,Self-Service Registration,2,"Molly Wheatley (mollywheatley.com): A tutoring business coach offering services to help tutors start and grow their businesses. Her 'Tutorpreneur Academy' and other coaching services could be beneficial for a tutor looking to optimize their online presence and attract more students. Her focus is on general business and marketing strategies for tutors.

Joanne Kaminski (onlinetutorcoach.com): An online tutoring consultant who offers one-on-one coaching and resources to help online tutors with marketing and business strategies. Her services are not specific to Wyzant but are applicable to any tutor looking to improve their marketing and business skills.","No specific gigs for Wyzant profile setup were found on Fiverr or Upwork. The platforms have freelancers who offer general profile optimization services (e.g., for LinkedIn), but none that specialize in Wyzant.","Molly Wheatley (mollywheatley.com): Offers coaching services for tutors to start and grow their businesses, including the 'Tutorpreneur Academy'. While not Wyzant-specific, the coaching on general business and marketing strategies is applicable.
Joanne Kaminski (onlinetutorcoach.com): Provides one-on-one coaching and resources like a 'Tutoring Business in a Box' to help online tutors with marketing and business growth. Her services are general for online tutors and could be applied to Wyzant.","Wyzant is a self-service platform where tutors are expected to create and manage their own profiles. The platform provides the necessary tools for tutors to showcase their skills and experience. As a result, there is no discernible market for third-party contractors or services that specifically offer Wyzant profile creation or setup. However, there is a related market for tutor coaching and consulting services. These services, offered by individuals like Molly Wheatley and Joanne Kaminski, focus on broader business and marketing strategies for online tutors. While not specific to Wyzant, their coaching could indirectly help a tutor optimize their profile and attract more students by improving their overall online presence and business acumen.","https://www.wyzant.com/howitworks/tutors, https://www.mollywheatley.com/, https://www.onlinetutorcoach.com/",
Braintrust - freelance talent network with self-service registration,Braintrust,Self-Service Registration,,No specialized contractors found for Braintrust.,No specific gigs for Braintrust profile setup were found on Fiverr or Upwork.,"No specific coaching services for Braintrust were found. However, general freelance coaching services exist that could potentially help with profile optimization across multiple platforms.","Braintrust is a freelance talent network that emphasizes self-service registration and profile creation. The platform provides its own resources, including detailed blog posts and guides, to help users optimize their profiles. Research did not uncover any third-party contractors, agencies, or services that specialize in creating or optimizing Braintrust profiles. The findings suggest that the platform's users are expected to build their own profiles, and a market for specialized assistance has not developed. While general freelance coaching and profile optimization services exist for other platforms like Upwork and LinkedIn, none specifically mentioned Braintrust.","https://support.usebraintrust.com/hc/en-us/articles/15669122775191-How-do-I-setup-my-company-account, https://www.usebraintrust.com/, https://support.usebraintrust.com/hc/en-us/articles/14302715197847-Guide-Your-Profile, https://www.usebraintrust.com/blog/21-profile-tips, https://www.braintrust.dev/docs/guides/self-hosting, https://www.usebraintrust.com/how-it-works-for-talent, https://app.usebraintrust.com/feed/73374/optimize-your-profile/, https://www.usebraintrust.com/blog/braintrust-air-faq, https://www.braintrust.dev/docs/core/functions/prompts, https://support.usebraintrust.com/hc/en-us/articles/14302783527447-Guide-Getting-a-Job-on-Braintrust, https://www.reddit.com/r/freelance/comments/ngfrbo/anyone_have_experience_with_braintrust/, https://www.usebraintrust.com/hire/freelance-developers, https://www.usebraintrust.com/solutions, https://www.linkedin.com/posts/samuelraynor_braintrust-get-your-fake-job-postings-off-activity-7107775042846920704-psJl, https://sidehusl.com/braintrust/, https://www.upwork.com/services/linkedin-profiles/get/profile-optimization-enhancement, https://www.fiverr.com/categories/writing-translation/linkedin-profile-services, https://www.ohhmybrand.com/blogs/best-linkedin-profile-optimization-services-companies, https://www.pouncer.ai/upwork-profile-optimizer, https://anagoehner.com/best-linkedin-optimization-services/, https://www.fiverr.com/gigs/profile-optimization, https://www.upwork.com/resources/freelancer-profile-tips, https://www.coachlancer.com/freelancer-profile-writing-101/, https://paro.ai/blog/freelancer-professional-profile/, https://easystaff.io/how-to-properly-fill-out-your-profile, https://www.upwork.com/hire/career-coaches/, https://www.elianagoldsteincoaching.com/, https://betterbizacademy.com/about/, https://mentorcruise.com/coach/freelancing/",
Udemy - online course platform for instructors with self-service registration,Udemy,Course Platform,2,"1. **Allah D.**
- **Website:** Upwork Profile
- **Services:** End-to-end online course creation, instructional design, interactive courses, Udemy & Kajabi course setup, optimization, and management, quizzes, assessments, assignments, certificates & SCORM, slide-based lessons, course migration, and LMS integration.
- **Pricing:** $28/hr
- **Notes:** With a 100% job success rate and over $50,000 earned on Upwork, Allah D. is a top-rated freelancer with extensive experience in Udemy course creation. His profile highlights a deep understanding of instructional design and a wide range of tools and platforms.

2. **Mylen F.**
- **Website:** Upwork Profile
- **Services:** Client onboarding, system management, and process optimization.
- **Pricing:** $30/hr
- **Notes:** While not exclusively focused on Udemy, Mylen F.'s expertise in client onboarding and system management could be valuable for setting up a Udemy profile and structuring a course. Her 5.0 rating and 18 completed jobs suggest a high level of client satisfaction.","While I was unable to access Fiverr during my research, I found several freelancers on Upwork who specialize in Udemy course creation and profile optimization. The most relevant profiles are listed in the 'Top Contractors/Services' section.","Udemy offers a 1:1 Coaching (beta) program that allows instructors to provide personalized coaching to learners. This program is designed to help instructors deliver measurable results, leverage their real-world expertise, create structured experiences, and maintain a human connection with learners. While still in beta, it presents a significant opportunity for instructors to offer coaching services directly through the Udemy platform.","My research indicates that while there are no prominent agencies specializing solely in Udemy profile setup, there is a strong market for freelance services on platforms like Upwork. Freelancers with expertise in instructional design, video production, and marketing offer a range of services to help instructors create and promote their Udemy courses. Additionally, Udemy's own 1:1 Coaching (beta) program provides a direct avenue for instructors to offer personalized coaching to their students. For individuals looking to enhance their Udemy presence, hiring a freelancer from a reputable platform or participating in Udemy's coaching program appears to be the most effective approach.","https://www.upwork.com/hire/udemy-freelancers/, https://www.fiverr.com/gigs/udemy-video, https://teach.udemy.com/udemy-11-coaching-beta-best-practices/",
Teachable - online course creation platform,Teachable,Course Platform,5,"CourseUp (https://www.courseup.co/)
- Services: Full course set-up, mini course set-up, live tech support, and other tech tasks.
- Pricing: Not specified on the website, requires contact for a quote.
- Notes: Official Teachable experts, positive reviews, specialize in tech aspects of course creation.

Kurricula (https://www.kurricula.co.uk/)
- Services: Full-service eLearning development, marketing services, and tailored support. They help first-time Teachable course creators to create and sell their courses.
- Pricing: Not specified on the website, requires consultation.
- Notes: Teachable selected partners, experienced in developing a large volume of courses.

Course Co. (https://course.co/platform/teachable)
- Services: Done-for-you Teachable course creation services, including course setup, video production, curriculum structuring, site customization, platform optimization, sales funnel and checkout page optimization, email marketing, and analytics.
- Pricing: Not specified on the website, requires a call.
- Notes: They are a full-service agency specializing in Teachable.","Upwork Freelancers:

- Oleksandr P. ($25/hr, 5.0 rating): A Learning Technologist, AI Specialist, and Instructional Designer. His services include LMS setup and optimization (Teachable, Thinkific, etc.), instructional design, AI-powered video creation, and gamification.

- Amandeep K. ($20/hr, 4.9 rating): Primarily a Kajabi expert, but has experience with Teachable. He offers services in website design, sales funnels, and online course creation.","Osher (https://osher.com.au/tools/teachable/) offers Teachable consulting, integration, and automation services. They help businesses automate their processes with Teachable and other systems. Pricing is not specified on their website and requires a call. They are automation and integration experts, not just Teachable specialists.","Teachable is a popular platform for creating and selling online courses. There is a strong ecosystem of contractors and agencies that provide services to help creators with their Teachable schools. These services range from full course creation and setup to more specific tasks like marketing, design, and technical support. Teachable itself provides a curated list of experts on its website. Additionally, freelance platforms like Upwork have a large number of freelancers with Teachable expertise. For those looking for more in-depth support, there are also a number of agencies and consulting firms that specialize in Teachable and can provide more comprehensive services.","https://support.teachable.com/en/articles/11682422-setting-up-and-configuring-teachable-accounts, https://support.teachable.com/en/collections/13696552-account-set-up, https://www.teachable.com/, https://support.teachable.com/en/collections/13696551-get-started, https://www.teachable.com/experts, https://support.teachable.com/en/articles/11682395-school-owner-teachable-accounts, https://www.upwork.com/hire/teachable-freelancers/, https://www.fiverr.com/gigs/teachable-expert, https://www.teachable.com/teach-online, https://www.courseup.co/services/hire-an-expert, https://www.teachable.com/blog/outsource-va, https://www.teachable.com/blog/how-to-create-an-online-course, https://www.teachable.com/online-courses, https://www.youtube.com/watch?v=r4SMELkQ3bI, https://www.teachable.com/blog/launch-your-course-in-three-days, https://www.courseup.co/, https://www.kurricula.co.uk/, https://course.co/platform/teachable, https://www.fiverr.com/gigs/teachable-setup, https://www.fiverr.com/biggest_may/be-your-teachable-expert-to-setup-your-teachable-online-course-website?context_referrer=seller_page&ref_ctx_id=4df6d0cfe254441aa331207f611fc8bf&pckg_id=1&pos=3&imp_id=516badef-e392-4b91-affc-84850c9e504e, https://osher.com.au/tools/teachable/",
MentorCruise - mentorship platform,MentorCruise,Rigorous Screening,,No third-party contractors were found. MentorCruise is a platform where individuals can directly connect with mentors. The mentors themselves provide guidance on profile optimization as part of their mentorship services. Users can browse mentors on the platform and select one that fits their needs.,No specific gigs for MentorCruise profile setup or optimization were found on Fiverr or Upwork.,"Coaching and consulting services are provided by the mentors on the MentorCruise platform. Users can search for mentors with expertise in areas like 'career development', 'personal branding', and 'interview preparation' to receive guidance on their profiles. Pricing varies by mentor and is typically a monthly subscription.","MentorCruise is a self-service platform where mentors and mentees connect directly. The platform emphasizes a rigorous screening process for its mentors, ensuring a high quality of service. Unlike other freelance platforms, there does not appear to be a market for third-party contractors to create or optimize profiles. Instead, profile optimization and other career guidance are services offered by the mentors themselves as part of their mentorship packages. The best approach for a user wanting to optimize their MentorCruise profile is to find a suitable mentor on the platform who offers career coaching or personal branding services.","https://mentorcruise.com/, https://mentorcruise.com/mentor/browse/, https://www.fiverr.com/, https://www.upwork.com/",
Chegg - tutoring and educational services platform,Chegg,Rigorous Screening,1,"Ayush V. (Upwork): A Test Prep Expert and Application Coach with stated experience as a Chegg Tutor. While his primary focus is on test prep (GMAT, GRE, SAT), he also offers admission consulting, profile/resume building, and application assistance. His hourly rate is $75. His Upwork profile can be found at https://www.upwork.com/freelancers/~0173c1357a2559af7e",Ayush V. on Upwork offers his services as a Test Prep Expert & Application Coach. His profile explicitly mentions experience with Chegg. He can be hired for profile/resume building and application assistance at a rate of $75/hr.,"While no services were found that explicitly focus *only* on Chegg profile optimization, several academic and career consultants on platforms like Wyzant offer services that would be beneficial. These services include academic consulting, essay coaching, and resume development. Examples of such consultants include Erica F. (former UNC Professor), Cady T. (PA School Admission Consultant), and Paige D. (Career Development Specialist). These services are more general but could be leveraged for a strong Chegg application.","Research indicates that there are very few, if any, contractors or services that specialize exclusively in Chegg profile creation and optimization. The platform's tutor application process is rigorous, requiring verification of academic credentials and identity. The most promising avenue for assistance comes from broader academic and career coaching services, particularly from freelancers with experience on tutoring platforms. A freelancer on Upwork, Ayush V., was identified as a strong potential lead due to his stated experience as a Chegg tutor and his services in profile and application assistance. For individuals seeking help, the best approach would be to engage with experienced academic coaches who can assist with crafting a strong overall application, rather than searching for a niche 'Chegg expert.'","https://www.chegg.com/, https://www.reddit.com/r/Professors/comments/t0s6a4/can_someone_explain_what_chegg_is_what_it_does/, https://en.wikipedia.org/wiki/Chegg, https://tutorstrategy.com/blog/c/how-to-become-a-chegg-tutor/, https://www.wyzant.com/tutors/academic-consulting, https://www.upwork.com/freelancers/~0173c1357a2559af7e",
FlexJobs - remote job board platform,FlexJobs,Job Board,5,"FlexJobs Career Coaching: FlexJobs offers personalized career coaching services to its members. This includes one-on-one sessions with their team of career experts who can help with resume and profile reviews, mock interviews, and job search strategy. Pricing is available with a FlexJobs membership. Website: https://www.flexjobs.com/job-search-career-advice/career_coaching","Upwork Gigs:

A professionally written resume, cover letter, and linkedin optimization: by Michael S. - $35
Job/Interview WINNING Resume Writing, CV, Cover Letter Writing, LinkedIn: by Nauman A. - $35
ATS Compliant Resume/CV, Cover Letter and Linkedin Profile [24 hours]: by Delwar H. - $30
An ATS-Compliant Resume, Cover Letter, and LinkedIn: by John I. - $35","FlexJobs Career Coaching: FlexJobs provides career coaching as part of its membership. Services include resume reviews, interview preparation, and personalized job search advice. The coaching is provided by their in-house team of career experts. Website: https://www.flexjobs.com/job-search-career-advice/career_coaching","FlexJobs is a job board specializing in remote and flexible job opportunities. The platform primarily promotes its own in-house career support services, which are included with a paid membership. These services include career coaching and resume reviews. While there are no third-party contractors that specialize exclusively in FlexJobs profile optimization, numerous freelancers on platforms like Upwork offer general resume writing and profile optimization services that can be applied to a FlexJobs profile. The research did not uncover any agencies that specialize in FlexJobs profile setup. The most effective way to get help with a FlexJobs profile is to subscribe to their service and utilize their internal resources.","https://www.flexjobs.com/, https://www.flexjobs.com/blog/post/the-super-simple-guide-to-using-flexjobs-v2, https://www.flexjobs.com/login, https://www.flexjobs.com/faq, https://www.youtube.com/watch?v=7JSi1ptdBPI, https://www.flexjobs.com/registration/msignup, https://www.flexjobs.com/blog/post/update-linkedin-profile-job-search-v2, https://www.flexjobs.com/blog/post/using-your-linkedin-profile-to-change-careers, https://www.flexjobs.com/blog/post/5-ways-employers-compare-resume-and-linkedin-profile, https://www.reddit.com/r/FlexJobs/comments/14tvqg3/is_anyone_even_getting_an_interview_using/, https://www.linkedin.com/posts/flexjobs-com_resumeoptimization-jobsearch-careerstrategy-activity-7374127978299015169-8sDi, https://www.flexjobs.com/employer-blog/how-to-hire-freelancers, https://www.fiverr.com/, https://www.youtube.com/watch?v=KQS0gaX2po4, https://www.quora.com/Has-anyone-landed-a-job-using-flexjobs-com, https://www.flexjobs.com/job-search-career-advice/career_coaching, https://www.flexjobs.com/job-search-career-advice, https://www.flexjobs.com/remote-jobs/career-coach, https://www.flexjobs.com/job-search-career-advice/what_can_a_career_or_job_search_coach_help_me_with_that_i_cant_do_on_my_own, https://www.flexjobs.com/job-search-career-advice/can_i_choose_which_flexjobs_career_coach_i_work_with, https://www.flexjobs.com/blog/post/flexjobs-career-coaching-spotlight-keith-spencer, https://www.flexjobs.com/job-search-career-advice/what_are_the_benefits_of_hiring_a_resume_writer_to_update_my_resume_versus_doing_it_myself, https://www.flexjobs.com/job-search-career-advice/does_flexjobs_have_any_samples_templates_or_scripts_for_resumes_cover_letters_follow-ups_and_other_job_search_necessities, https://www.flexjobs.com/blog/post/write-a-better-resume-flexjobs-resume-expert-answers-questions, https://www.flexjobs.com/remote-jobs/resume-writer, https://www.flexjobs.com/job-search-career-advice/resume, https://www.flexjobs.com/expert-apply, https://www.reddit.com/r/recruitinghell/comments/razm7p/has_anyone_used_flexjobscom_paying_to_find_jobs/, https://www.flexjobs.com/blog/post/how-to-become-a-freelancer, https://www.flexjobs.com/how-flexjobs-works, https://www.flexjobs.com/video/profile.html, https://www.linkedin.com/posts/flexjobs-com_how-to-create-a-flexjobs-resume-profile-activity-7042180031615266816-qWo3, https://www.flexjobs.com/remote-jobs/company/profiles, https://www.upwork.com/services/resume-writing",
HigherEdJobs - higher education job board,HigherEdJobs,Job Board,2,"TopResume (in partnership with HigherEdJobs)
Website: https://www.higheredjobs.com/career/ResumeService.cfm
Services: Resume and CV writing, cover letter writing, LinkedIn profile makeover.
Pricing:
- Resume Packages: $139 (Starter), $199 (Premium), $314 (Ultimate)
- CV Packages: $199 (Starter), $259 (Premium), $379 (Ultimate)
Notes: Offers a 60-day interview guarantee for premium and ultimate packages. They have a team of certified professional resume writers with experience in higher education.

The Professor Is In (Dr. Karen Kelsky)
Website: https://theprofessorisin.com/one-on-one-career-consults/
Services: One-on-one career consultations for academics, including job document editing (CV, cover letter), interview preparation, and tenure denial consulting.
Pricing:
- Untenured Zoom Consult: $400
- Tenured Zoom Consult: $420
- Untenured Career Consulting Package (with document edit): $580
- Tenured Career Consulting Package (with document edit): $640
- Tenure Denial Consulting: $675
Notes: Dr. Kelsky is a well-known figure in academic career advising. She prefers clients to have a document edit before a consultation.","Upwork Gigs:

- Faisel M.: From $30, 4.8 stars (330 reviews), Top Rated
- Sara A.: From $49, 4.9 stars (159 reviews), Top Rated
- Aqsa A.: From $35, 4.9 stars (59 reviews), Top Rated
- Nauman A.: From $35, 4.9 stars (2824 reviews), Top Rated
- Abhishek K.: From $35, 4.9 stars (1271 reviews), Top Rated

Fiverr Gigs:

- No specific gigs were accessible due to website restrictions, but Fiverr has a dedicated category for academia resume writing services, indicating a variety of freelancers are available.","The Professor Is In (Dr. Karen Kelsky)
Website: https://theprofessorisin.com/one-on-one-career-consults/
Services: One-on-one career consultations for academics, including job document editing (CV, cover letter), interview preparation, and tenure denial consulting.","Research indicates that while there are no contractors or services exclusively dedicated to setting up and optimizing HigherEdJobs profiles, there are numerous resources available for general academic job seekers that are highly relevant. HigherEdJobs itself partners with TopResume to offer specialized resume and CV writing services tailored for the higher education sector. Additionally, established academic career coaches like 'The Professor Is In' provide comprehensive consulting that would be beneficial for applicants using the platform. Freelance marketplaces like Upwork and Fiverr also host a large number of freelancers specializing in academic resume and CV writing, offering a more a la carte and budget-friendly approach. The most effective strategy for a job seeker on HigherEdJobs would be to utilize the official TopResume partnership for document preparation and consider a career coach for broader application strategy and interview preparation.","https://www.higheredjobs.com/career/ResumeService.cfm, https://theprofessorisin.com/one-on-one-career-consults/, https://www.fiverr.com/categories/writing-translation/buy/resume-writing/academia, https://www.upwork.com/services/resume-writing/get/academia",
Indeed - general job board platform,Indeed,Job Board,9,"Indeed's Resume Services:
- Website: https://www.indeed.com/career-services/resume-help/
- Services: Resume Review, Live Resume Consultation, Resume Writing Service.
- Pricing: $35, $55, $155 respectively.
- Notes: Directly integrated with the Indeed platform.

TheResumeWriters (Etsy):
- Website: https://www.etsy.com/shop/TheResumeWriters
- Services: Resume writing, LinkedIn and Indeed optimization.
- Pricing: Varies by service, but the ""Resume Writing Service: LinkedIn & Indeed Optimization"" is listed at CA$68.20.
- Notes: Highly rated on Etsy with many positive reviews.","Fiverr:
- Create and optimize your indeed resume by ruchirad: This gig offers to create and optimize an Indeed resume. Prices start at $5. [https://www.fiverr.com/ruchirad/create-and-optimize-your-indeed-resume](https://www.fiverr.com/ruchirad/create-and-optimize-your-indeed-resume)
- Optimize your indeed resume by lacagnim: This gig offers to create, revise, and/or critique an Indeed Quick Apply Resume. Prices start at $25. [https://www.fiverr.com/lacagnim/optimize-your-indeed-resume-to-get-noticed-for-the-job-that-you-want](https://www.fiverr.com/lacagnim/optimize-your-indeed-resume-to-get-noticed-for-the-job-that-you-want)
- Do professional resume design, cv, linkedin and indeed profile optimization by habibahimu: This gig offers to design and optimize resumes, CVs, and LinkedIn/Indeed profiles. Prices start at $10. [https://www.fiverr.com/habibahimu/do-professional-resume-design-edit-resume-cv-linkedin-profile](https://www.fiverr.com/habibahimu/do-professional-resume-design-edit-resume-cv-linkedin-profile)

Upwork:
- Muhammad I.: This freelancer offers a variety of services, including LinkedIn & Indeed Profile Optimization, Job scan & Resume Customization to Beat ATS Systems, and Job Posting & Account Setup (LinkedIn, Glassdoor, Indeed, etc.). Pricing is not listed on the profile. [https://www.upwork.com/freelancers/~016179794a9952e0f7](https://www.upwork.com/freelancers/~016179794a9952e0f7)
- Diane C.: This freelancer is an Executive Resume Writer from Indeed.com. Pricing is not listed on the profile. [https://www.upwork.com/freelancers/~01452838783e009096](https://www.upwork.com/freelancers/~01452838783e009096)","Indeed Career Coaching:
- Website: https://www.indeed.com/career-services/career-coaching/
- Services: One-on-one career coaching sessions.
- Pricing: Not immediately available on the landing page.
- Notes: Offered directly by Indeed.

AARP Member Benefit - Indeed Career Coaching:
- Website: https://www.aarp.org/membership/benefits/indeed-career-coaching/
- Services: One-on-one career coaching through Indeed for AARP members.
- Pricing: Discounted for AARP members.
- Notes: Partnership between AARP and Indeed.","Indeed offers its own suite of services for resume and profile optimization, ranging from a basic review to a full rewrite. Several highly-rated freelancers and agencies offer Indeed profile optimization services on platforms like Etsy, Fiverr, and Upwork. 'TheResumeWriters' on Etsy appears to be a popular and well-regarded option. Coaching services are also available, both directly from Indeed and through partnerships like the one with AARP. The primary focus of most services is on resume writing and optimization to pass Applicant Tracking Systems (ATS).","https://www.indeed.com/career-services/resume-help/, https://www.etsy.com/listing/1110206884/professional-indeed-profile-setup, https://www.etsy.com/listing/1787853569/resume-writing-service-linkedin-indeed, https://www.fiverr.com/gigs/indeed, https://www.upwork.com/services/linkedin-profiles/get/profile-optimization-enhancement, https://www.indeed.com/career-services/career-coaching/, https://www.aarp.org/membership/benefits/indeed-career-coaching/",
BELAY - virtual assistant company with hiring process,BELAY,Company Hiring Process,1,"The most relevant service found is BELAY's own 'Virtual Assistant Master Class'.
- Name: BELAY Virtual Assistant Master Class
- Website: https://belaysolutions.com/ultimate-virtual-assistant-master-class/
- Services: Comprehensive training for virtual assistants, covering best practices, advanced skills, and soft skills.
- Pricing: $249.99
- Notes: This is not a direct application assistance service, but a training course to improve a candidate's skills and knowledge, which would be beneficial for the highly selective application process.","No specific gigs for BELAY application assistance were found on Fiverr or Upwork. The platforms have many freelancers offering general virtual assistant services, but none that specialize in the BELAY hiring process.","BELAY offers a 'Virtual Assistant Master Class' for $249.99. It is a comprehensive training course covering best practices, advanced skills, and soft skills for virtual assistants. While not a direct application assistance program, it is designed to equip aspiring VAs with the necessary skills to be successful, which would be beneficial for the BELAY application process.","Research indicates that there are no third-party contractors or services that specialize in assisting with the BELAY application process. BELAY's hiring process is highly selective, and the company appears to be the primary source of information and preparation for its own application. BELAY offers a 'Virtual Assistant Master Class' which, while not a direct application service, provides comprehensive training that would be highly beneficial for any candidate. The best approach for a candidate is to thoroughly understand BELAY's requirements and leverage the resources they provide, such as their blog and the Master Class.","https://blog.belaysolutions.com/how-to-become-a-virtual-assistant-with-belay, https://belaysolutions.com/ultimate-virtual-assistant-master-class/, https://www.fiverr.com/categories/business/virtual-assistant-services, https://www.upwork.com/hire/virtual-assistants/",
University of Maryland Global Campus - adjunct professor positions,University of Maryland Global Campus - adjunct professor positions,Company Hiring Process,2,"The Professor Is In (theprofessorisin.com) is a prominent consulting service for academics. They offer a wide range of services that are relevant to adjunct professor applications, including:

*   **Job Document Editing:** They provide editing services for all standard academic job application documents, such as cover letters, CVs, teaching statements, and research statements. This would be highly beneficial for an applicant to UMGC.
*   **Interview Preparation:** They offer mock interviews and coaching to help candidates prepare for academic job interviews.
*   **Career Strategy:** They provide one-on-one consulting to help with overall career strategy, which could be useful for those looking to enter or advance in academia.

While they do not specifically mention UMGC, their services are tailored to the academic job market in general and would be applicable to an application to UMGC.","Upwork Freelancers for Academic Resume Writing:

*   Faisel M. - 4.8 stars (330 reviews)
*   Sara A. - 4.9 stars (159 reviews)
*   Aqsa A. - 4.9 stars (59 reviews)
*   Nauman A. - 4.9 stars (2824 reviews)
*   Abhishek K. - 4.9 stars (1271 reviews)
*   Jawad S. - 4.9 stars (1191 reviews)
*   Iftikhar A. - 4.9 stars (1181 reviews)
*   Farhan U. - 4.9 stars (672 reviews)
*   Hanzla S. - 4.9 stars (619 reviews)
*   Rabia B. - 4.8 stars (705 reviews)
*   Saba S. - 4.8 stars (846 reviews)
*   patrick n. - 4.8 stars (878 reviews)
*   Farhan K. - 5.0 stars (557 reviews)
*   Ather J. - 4.9 stars (472 reviews)
*   Atif M. - 4.8 stars (316 reviews)
*   Azhar I. - 4.9 stars (376 reviews)
*   Kelvin K. - 4.9 stars (309 reviews)
*   Ussama A. - 4.9 stars (353 reviews)
*   Mohsin M. - 4.8 stars (166 reviews)
*   Nida L. - 4.9 stars (256 reviews)
*   Emmad R. - 4.8 stars (244 reviews)
*   Sajjad G. - 4.9 stars (198 reviews)","The Professor Is In (theprofessorisin.com) offers a variety of services for academics, including:

*   **Job Document Editing:** Cover letters, CVs, teaching statements, research statements, diversity statements, dissertation abstracts, and syllabi.
*   **Postdoctoral Fellowship Application Materials:** Editing for postdoc applications.
*   **Job Talk Editing:** Editing job talk scripts.
*   **Syllabi/Course Proposals:** Assistance in developing syllabi and course proposals.
*   **Offer/Negotiation Assistance:** Help with evaluating and negotiating job offers.
*   **Grant Application Editing:** Editing grant applications.
*   **Book Proposal Editing and Consulting:** Help with organizing and focusing book proposals.
*   **Tenure and Promotion Documents:** Editing tenure and promotion statements and teaching portfolios.
*   **Single Article or Chapter Manuscript Editing:** Editing article and chapter manuscripts.
*   **Interview Intervention:** Mock interviews and feedback.
*   **Job Talk Intervention:** Job talk delivery practice and feedback.","The application process for adjunct professor positions at the University of Maryland Global Campus (UMGC) is a standard academic hiring process that requires a resume/CV and a cover letter. While there are no contractors or services that specialize exclusively in UMGC applications, there are numerous general academic coaching and application services available. These services can assist with CV and cover letter writing, interview preparation, and overall application strategy. The most prominent service found is 'The Professor Is In,' which offers a comprehensive suite of services for academics at all career stages. Additionally, freelance platforms like Upwork have a large number of freelancers with experience in academic resume and CV writing.","https://careers.umgc.edu/jobs/adjunct-faculty/, https://www.umgc.edu/administration/jobs/new-hire-orientation/onboarding, https://careers.umgc.edu/jobs/, https://www.umgc.edu/administration/policies-and-reporting/policies/faculty/appointment-rank-and-promotion, https://www.glassdoor.ie/Interview/University-of-Maryland-Global-Campus-Interview-RVW9091010.htm, https://careers.umgc.edu/jobs/adjunct-faculty/north-america-remote/, https://careers.umgc.edu/, https://careers.umgc.edu/jobs/?search_term=adjunct, https://careers.umgc.edu/jobs/north-america-remote/, https://careers.umgc.edu/faculty.html, https://careers.umgc.edu/jobs/north-america/, https://www.reddit.com/r/UMGC/comments/lmak7h/applying_to_be_an_adjunct_professor_as_active_duty/, https://www.umgc.edu/administration/policies-and-reporting/policies/faculty/faculty-workload, https://umgc.wd1.myworkdayjobs.com/en-US/UMGC_Careers/job/Healthcare-Policies--Department-of-Marketing--Management--and-Health-Care-Administration---Adjunct-Faculty_10024285, https://www.indeed.com/cmp/University-of-Maryland-Global-Campus/interviews?fjobtitle=Adjunct+Professor, https://www.higheredjobs.com/career/ResumeService.cfm, https://topresume.com/resume-writing/academic-cv, https://us.ivoryresearch.com/cv-writing-services/, https://www.resumeble.com/cv-writing/academic-cv, https://www.capstoneresumes.com/product/academic-scientific-cv/, https://www.theresumeclinic.com/resume-packages/academic-cv/, https://www.reddit.com/r/Adjuncts/comments/1fxpdlj/tips_on_securing_an_adjunct_professor_position/, https://www.indeed.com/career-advice/cover-letter-samples/adjunct-faculty-cover-letter, https://waldencareerservices.com/2020/11/19/six-lessons-to-make-your-search-for-an-adjunct-professor-position-easier/, https://nl.edu/ctle/faculty-matters/adjunct-council/adjunct-hiring-process/, https://www.facultyfocus.com/articles/teaching-and-learning/im-an-adjunct-what-do-i-need-to-know-about-teaching/, https://theprofessorisin.com/services-and-rates/, https://academicjobsonline.org/ajo, https://capd.mit.edu/resources/application-materials-for-a-faculty-job-search/, https://gradcareer.utexas.edu/job-search/academic, https://www.upwork.com/services/resume-writing/get/academia",
Toptal - freelance platform with rigorous screening process,Toptal,Rigorous Screening,2,"Optyp (https://www.optyp.com/):

Services: Offers a comprehensive 'Toptal Profile Optimization' service which includes headline and skill tag mastery, elite-level overview construction, portfolio curation, and client-focused narratives.
Pricing: The service is available as part of their 'Elite' plan for $339, or as an individual service for $79.
Notes: Optyp claims their service can lead to a 3x increase in client invitations and a 200% increase in proposal views. They also provide a free AI-powered analysis of resumes and LinkedIn profiles.",No specific gigs for Toptal profile optimization were found on Fiverr or Upwork during the research. The search results were mostly comparative articles or profiles of freelancers who have worked at Toptal.,"MentorCruise (https://mentorcruise.com/): This platform offers 1-on-1 coaching sessions with experienced freelancers. A mentor who is a UX Designer at Toptal is available, with rates at $240/month. This could be a valuable resource for personalized guidance through the Toptal application and screening process.","The research indicates that there are very few services that explicitly cater to Toptal profile optimization, likely due to the platform's rigorous and internally managed screening process. The most relevant service found is Optyp, which directly offers Toptal profile optimization as part of a larger package or as a standalone service. For more personalized guidance, MentorCruise provides a platform to connect with mentors who have direct experience with Toptal. Given the stringent nature of Toptal's screening, leveraging the experience of a mentor from a platform like MentorCruise could be a highly effective strategy for aspiring Toptal freelancers.","https://www.toptal.com/, https://www.optyp.com/explore/freelancing/toptal/, https://mentorcruise.com/coach/freelancing/, https://www.fiverr.com/, https://www.upwork.com/",
Upwork - freelance marketplace platform,Upwork,Self-Service Registration,2,"Contractor: Mariia P.
Website: https://www.upwork.com/services/product/marketing-upwork-profile-optimization-consultation-for-upwork-profile-optimization-1872815927761338670
Services: Upwork Profile Optimization, Consultation, Agency Optimization, Automated Proposal System, Custom Bidding Strategy
Pricing: Starts at $50 for a 30-minute consultation.
Reputation: 98% Job Success on Upwork.
Notes: Specializes in various industries including tech, marketing, and finance. Claims to have generated over $1M in revenue for clients.

Service: PouncerAI
Website: https://www.pouncer.ai/upwork-profile-optimizer
Services: AI-powered Upwork profile optimization, keyword strategy, client-focused positioning.
Pricing: Free analysis and grade, $47 one-time fee for unlimited access.
Notes: A tool that analyzes and provides recommendations to improve an Upwork profile. It's a software service rather than a human contractor.","Due to technical difficulties (CAPTCHA), direct access to Fiverr was not possible. However, search results indicate the presence of numerous gigs related to Upwork profile optimization on Fiverr. It is recommended to search for terms like ""Upwork profile optimization"" or ""Upwork profile setup"" directly on the Fiverr platform to find relevant freelancers.","Upwork itself is a major source for finding coaches and consultants who specialize in profile optimization. Searches for ""career coaching,"" ""business coaches,"" and ""profile optimization"" on Upwork yield many freelancers and agencies offering these services. Pricing for these services can range from $75 to $150 per hour, depending on the consultant's experience and location. Additionally, services like Vollna and UpworkBoost offer free and paid profile reviews and optimization recommendations.","The research indicates a variety of options for individuals looking to improve their Upwork profiles. These options range from hiring individual freelance consultants for one-on-one coaching and profile rewriting to using AI-powered tools for automated analysis and recommendations. The cost of these services varies significantly, from free initial assessments to hourly rates of $150 or more for experienced consultants. For those on a budget, AI tools like PouncerAI or free profile reviews from services like Vollna offer a good starting point. For more personalized and in-depth assistance, hiring a highly-rated freelancer like Mariia P. directly from the Upwork platform is a viable option. It is also worth noting that many of the top-rated profile optimization experts are freelancers on Upwork themselves, which speaks to the platform's effectiveness in connecting professionals.","https://www.upwork.com/services/product/marketing-upwork-profile-optimization-consultation-for-upwork-profile-optimization-1872815927761338670,https://www.pouncer.ai/upwork-profile-optimizer,https://www.upwork.com/services/career-counseling/coaching,https://www.upwork.com/hire/personal-coaches/,https://www.upwork.com/hire/business-coaches/,https://www.vollna.com/tools/upwork-profile-review,https://upworkboost.com/en/,https://selar.com/Upwork%20review,https://www.fiverr.com/gigs/profile-optimization",
Coursera - online course platform for instructors,Coursera,Course Platform,3,"1. Kimberly S. (Upwork): An award-winning instructional designer and LMS specialist who can develop courses and implement course platforms. Website: https://www.upwork.com/freelancers/~011683f54367a7aeb9
2. Fiverr Pro Sellers: Verified professional freelancers on Fiverr with experience in course creation and eLearning content development. Website: https://www.fiverr.com/pro
3. Upwork Course Freelancers: A category of freelancers on Upwork specializing in course creation. Website: https://www.upwork.com/hire/course-freelancers/","1. Fiverr: 'I will be your online course content creator and course curriculum developer' - Prices range from $50 to $500+ depending on the scope of the project. 
2. Upwork: 'eLearning Developer for Online Course Creation' - Freelancers with hourly rates from $30 to $150+.","1. Sarah Cordiner's 'Concept To Course': A step-by-step training program for planning and creating an online course. Website: https://sarahcordiner.com/c2c/
2. Wendy McCallum's 'Coaching Course Creator': An 8-week program to go from idea to profitable course. Website: https://www.wendymccallum.com/ccc
3. Kajabi: An all-in-one platform for creating, marketing, and selling online courses, which includes coaching and support. Website: https://kajabi.com/","Research indicates that there are no dedicated services for 'Coursera instructor profile setup.' Instead, the market offers a broader range of services focused on online course creation and instructional design, which would encompass the necessary setup on platforms like Coursera. Freelance platforms like Upwork and Fiverr are the primary sources for finding individuals with these skills. Additionally, several coaching and consulting services exist to guide individuals through the entire process of creating and launching an online course, from concept to marketing.","https://www.coursera.support/s/article/learner-000001307, https://www.coursera.org/projects/create-a-profile-and-network-on-linkedin, https://www.coursera.org/signup, https://www.coursera.support/s/topic/0TO1U000000kVNRWA2/account-setup?language=en_US, https://www.coursera.org/, https://www.youtube.com/watch?v=njNVSLwYwBE, https://www.coursera.org/enterprise/articles/tier-one-instruction, https://www.coursera.org/instructor/~183950608, https://www.coursera.org/projects/5-ways-build-better-linkedin-profile, https://www.coursera.org/courses?query=optimization, https://www.coursera.org/instructor/microsoft, https://www.upwork.com/hire/course-freelancers/, https://contra.com/hire/course-developers, https://www.reddit.com/r/instructionaldesign/comments/rxfzmn/paying_someone_to_make_a_course_for_you/, https://www.coursera.org/enterprise/articles/course-creation, https://www.upwork.com/hire/course-freelancers/, https://www.coursera.org/projects/find-the-best-in-your-budget-with-upwork, https://www.classcentral.com/course/get-started-with-upwork-80043, https://www.upwork.com/freelancers/~011683f54367a7aeb9, https://www.upwork.com/resources/best-courses-for-freelancers, https://www.coursera.org/courses?query=freelancing, https://www.fiverr.com/gigs/course-creation, https://www.coursera.org/projects/getting-started-fiverr, https://www.fiverr.com/categories/writing-translation/elearning-content-development, https://www.fiverr.com/gigs/create-online-course, https://www.fiverr.com/gigs/course-builder, https://careers.coursera.com/, https://www.coursera.org/courses?query=instructional%20design, https://www.ziprecruiter.com/co/Coursera/Jobs/Instructional-Designer, https://www.edtech.com/jobs/instructional-designer-7903, https://www.coursera.org/explore/coach, https://www.coursera.org/learn/coaching-practices, https://www.coursera.org/learn/packt-coaching-skills-fvsil, https://coursera.one/become-an-instructor/, https://www.coursera.org/learn/leadership-coaching, https://www.coursera.org/specializations/coaching-skills-manager, https://www.coursera.org/courses?query=management%20consulting, https://www.coursera.org/specializations/managementconsulting, https://www.coursera.org/courses?query=business%20consulting, https://www.coursera.org/learn/introduction-to-management-consulting, https://www.coursera.org/learn/getting-a-consulting-job, https://sarahcordiner.com/c2c/, https://kajabi.com/features/online-courses, https://freshlearn.com/, https://www.wendymccallum.com/ccc",
LinkedIn ProFinder - professional services marketplace,LinkedIn ProFinder,Self-Service Registration,5,"- LinkedIn-Makeover.com: A specialized service focusing on LinkedIn profile optimization and career branding. They offer a range of services from profile writing to corporate training. Pricing is available upon consultation. The company was founded by Donna Serdula, author of 'LinkedIn Profile Optimization For Dummies'.
- TopResume.com: A well-known resume writing service that also offers LinkedIn profile makeovers. Their LinkedIn service starts at $99 and they boast a large network of writers and a 60-day interview guarantee.
- Nauman A. (Upwork): A 'Top Rated' freelancer on Upwork offering '100% Optimized LinkedIn profile Content'. Pricing starts from $35, with a 4.9/5 rating from over 2800 reviews.
- Jawad S. (Upwork): A 'Top Rated Plus' freelancer on Upwork providing 'LinkedIn Profile Optimization, Company LinkedIn Page, LinkedIn Branding/SEO'. Pricing starts from $49, with a 4.9/5 rating from over 1100 reviews.
- Hanzla S. (Upwork): A 'Top Rated' freelancer on Upwork specializing in 'LinkedIn Profile Optimization, LinkedIn Optimization, Linkedin Writing'. Pricing starts from $35, with a 4.9/5 rating from over 600 reviews.","Upwork:
- Nauman A.: 100% Optimized LinkedIn profile Content [Job & Industry Specific] (From $35)
- Jawad S.: LinkedIn Profile Optimization, Company LinkedIn Page, LinkedIn Branding/SEO (From $49)
- Hanzla S.: LinkedIn Profile Optimization, LinkedIn Optimization, Linkedin Writing (From $35)","- LinkedIn-Makeover.com: Offers career branding and LinkedIn profile optimization services, founded by a published author on the topic.
- TopResume.com: Provides LinkedIn profile writing and interview coaching.","LinkedIn ProFinder has been retired and replaced by LinkedIn Services Marketplace. The new platform allows freelancers and service providers to create their own 'Service Pages' to showcase their offerings. While there are no contractors specifically for the defunct 'ProFinder', there is a thriving market for optimizing profiles on the current LinkedIn Services Marketplace. Services range from individual freelancers on platforms like Upwork to specialized agencies that offer comprehensive branding and profile makeover packages. Prices vary significantly based on the provider and the depth of the service.","https://www.linkedin.com/blog/member/archive/linkedin-introduces-profinder, https://www.linkedin.com/services, https://www.linkedin.com/help/linkedin/answer/a564588, https://www.fiverr.com/categories/writing-translation/linkedin-profile-services, https://www.upwork.com/services/linkedin-profiles, https://www.linkedin-makeover.com/, https://topresume.com/linkedin-profile-services",
